Samples,140225dlvsa44_1,140226dlvsa30_1,140226dlvsa36_1,140227dlvsa36_1,140227dlvsa47_1,140228dlvsa08_1,140228dlvsa17_1,140228dlvsa30_1,140228dlvsa39_1,140225dlvsa14_1,140225dlvsa31_1,140226dlvsa21_1,140226dlvsa41_1,140227dlvsa14_1,140228dlvsa28_1,140225dlvsa05_1,140225dlvsa07_1,140225dlvsa09_1,140225dlvsa16_1,140225dlvsa18_1,140225dlvsa22_1,140226dlvsa03_1,140226dlvsa23_1,140226dlvsa43_1,140227dlvsa03_1,140227dlvsa40_1,140228dlvsa06_1,140228dlvsa12_1,140228dlvsa19_1,140228dlvsa26_1,140225dlvsa36_1,140226dlvsa16_1,140226dlvsa27_1,140226dlvsa49_1,140227dlvsa01_1,140227dlvsa18_1,140227dlvsa21_1,140227dlvsa45_1,140227dlvsa49_1,140228dlvsa21_1,140228dlvsa23_1,140228dlvsa34_1,140228dlvsa37_1,140225dlvsa25_1,140225dlvsa33_1,140225dlvsa49_1,140226dlvsa12_1,140226dlvsa14_1,140227dlvsa07_1,140227dlvsa10_1,140227dlvsa16_1,140227dlvsa25_1,140225dlvsa27_1,140225dlvsa40_1,140226dlvsa08_1,140227dlvsa32_1,140227dlvsa34_1,140227dlvsa43_1,140228dlvsa15_1,140225dlvsa03_1,140225dlvsa20_1,140225dlvsa42_1,140226dlvsa05_1,140226dlvsa10_1,140226dlvsa19_1,140226dlvsa34_1,140226dlvsa45_1,140227dlvsa23_1,140227dlvsa29_1,140228dlvsa01_1,140228dlvsa04_1,140228dlvsa10_1,140225dlvsa11_1,140225dlvsa29_1,140225dlvsa38_1,140225dlvsa47_1,140226dlvsa01_1,140226dlvsa25_1,140226dlvsa32_1,140226dlvsa38_1,140227dlvsa05_1,140227dlvsa12_1,140227dlvsa27_1,140227dlvsa38_1,140228dlvsa32_1,140228dlvsa41_1
Class,Adenocarcinoma,Adenocarcinoma,Adenocarcinoma,Adenocarcinoma,Adenocarcinoma,Adenocarcinoma,Adenocarcinoma,Adenocarcinoma,Adenocarcinoma,Adenocarcinoma,Adenocarcinoma,Adenocarcinoma,Adenocarcinoma,Adenocarcinoma,Adenocarcinoma,Adenocarcinoma,Adenocarcinoma,Adenocarcinoma,Adenocarcinoma,Adenocarcinoma,Adenocarcinoma,Adenocarcinoma,Adenocarcinoma,Adenocarcinoma,Adenocarcinoma,Adenocarcinoma,Adenocarcinoma,Adenocarcinoma,Adenocarcinoma,Adenocarcinoma,Adenocarcinoma,Adenocarcinoma,Adenocarcinoma,Adenocarcinoma,Adenocarcinoma,Adenocarcinoma,Adenocarcinoma,Adenocarcinoma,Adenocarcinoma,Adenocarcinoma,Adenocarcinoma,Adenocarcinoma,Adenocarcinoma,Control,Control,Control,Control,Control,Control,Control,Control,Control,Control,Control,Control,Control,Control,Control,Control,Control,Control,Control,Control,Control,Control,Control,Control,Control,Control,Control,Control,Control,Control,Control,Control,Control,Control,Control,Control,Control,Control,Control,Control,Control,Control,Control
1_5-anhydroglucitol,8605,4870,4923,4860,8161,8668,4758,8812,16197,8108,5387,5766,10114,6839,2507,5751,7009,6703,5853,8162,3120,5856,4982,11827,4677,12300,7572,1467,3310,7631,464,1597,8666,1460,1018,11462,6648,11484,2988,6426,2458,3340,12405,6292,8451,4039,9963,6061,8748,9505,7087,4274,6699,8464,8067,8310,12581,8858,11437,3041,8282,13410,5656,7980,7712,8058,5027,3081,5030,5231,5238,8153,9215,15031,7300,5951,3803,11036,9852,15948,13710,3822,8291,5287,6027,3137
1-monoolein,285,230,212,214,252,361,179,1559,1186,214,293,238,161,168,1622,340,166,258,239,175,211,149,218,348,220,300,150,355,219,1274,187,229,160,337,488,203,182,215,206,208,180,1607,1715,222,163,211,206,149,284,358,201,212,207,257,187,173,248,289,216,347,246,273,302,302,262,216,434,400,381,327,184,197,141,218,275,240,292,226,187,174,336,225,151,250,1351,1763
1-monopalmitin,68,106,81,81,75,74,52,59,47,54,34,65,63,75,43,88,56,63,73,49,73,46,52,138,50,78,48,77,48,39,73,50,40,64,94,50,65,86,46,65,28,50,69,90,76,77,133,126,49,119,77,57,79,42,77,55,63,71,98,95,50,86,46,66,68,60,119,116,128,74,128,51,40,41,50,12,54,58,96,81,54,79,106,49,42,65
1-monostearin,105,74,131,100,95,68,50,77,57,84,71,88,91,66,72,121,82,93,67,80,63,80,98,144,91,123,53,89,89,62,111,62,58,134,105,101,51,79,101,112,68,41,57,75,67,70,28,52,43,114,62,108,138,107,75,81,93,100,81,113,121,104,50,102,103,96,124,130,113,91,586,71,57,104,69,73,74,124,84,90,178,84,86,154,51,41
2_3_5-trihydroxypyrazine NIST,65,10,29,40,44,41,33,39,86,65,56,20,52,48,45,42,26,33,39,36,69,37,75,58,21,41,45,23,48,41,31,65,46,43,5,26,57,39,16,29,38,34,64,50,11,32,55,30,22,30,25,32,64,37,27,36,39,16,50,46,38,31,41,45,21,64,41,23,38,17,10,41,27,56,53,52,42,35,41,30,29,41,22,75,54,32
2_3-dihydroxybutanoic acid NIST,88,53,48,107,111,84,67,105,82,64,50,42,67,92,95,49,53,44,58,65,94,45,55,144,58,122,111,57,54,78,237,86,56,71,118,86,44,117,91,129,76,72,43,62,82,199,76,83,43,71,41,130,48,64,56,102,59,72,82,53,110,60,63,45,101,135,102,81,136,37,68,101,44,56,64,63,30,60,41,57,59,72,53,75,80,65
2-deoxyerythritol,150,333,712,409,254,588,206,139,313,199,322,343,335,359,211,274,361,324,301,344,800,599,345,373,466,456,327,446,288,186,567,424,377,252,314,318,383,381,282,186,259,147,183,301,534,316,335,174,394,452,285,356,1808,735,247,538,389,458,293,341,676,1041,534,392,569,681,264,231,349,437,248,469,437,271,209,393,360,287,480,398,166,417,527,356,423,153
2-deoxytetronic acid NIST,497,768,1257,448,299,383,243,213,519,930,542,245,896,667,1067,400,822,867,770,463,823,1103,439,717,405,1017,1171,294,701,742,1589,1318,544,754,1824,735,410,1080,464,529,1459,460,643,700,591,610,890,278,275,391,206,516,1064,746,659,721,745,465,622,840,1097,1821,539,362,1089,782,408,979,397,921,662,758,525,687,794,389,623,647,861,709,575,299,894,394,829,885
2-hydroxybutanoic acid,4167,17644,4978,2036,5736,3447,5674,7319,6110,11627,10225,3960,8441,7473,23409,3353,10300,4865,13251,5987,8649,16826,6903,10522,3309,10321,7973,7908,6769,11104,7823,11174,2707,13798,15969,7798,6311,6416,5128,5588,14004,5026,8495,5905,6900,6667,5186,6867,3834,5136,11431,6058,6615,2589,8118,2770,5240,4459,5103,10005,11001,26412,3632,7884,10081,5810,5961,11355,6372,12209,3471,10663,5095,2206,10252,4311,7164,7832,7392,3921,3234,4071,6152,3698,5199,7324
2-hydroxyglutaric acid,417,345,357,327,273,398,324,216,389,444,296,329,238,258,332,438,246,269,436,162,323,286,321,306,365,393,415,466,575,121,239,379,252,226,319,422,271,643,412,319,313,156,158,349,280,452,220,205,225,270,330,332,547,492,210,545,285,629,333,603,341,581,221,171,321,433,243,631,231,381,293,197,323,295,201,241,321,220,216,218,796,136,607,297,121,152
2-hydroxyhippuric acid,39,22,25,64,23,182,34,30,80,51,54,48,67,35,31,65,87,44,37,44,51,27,19,57,43,29,45,48,33,175,42,43,34,81,44,30,27,46,53,27,24,21,38,71,72,52,28,248,52,34,457,34,41,82,34,70,37,41,34,50,79,89,68,47,64,172,46,30,66,39,29,322,44,47,56,34,44,23,36,24,30,38,87,32,76,44
2-hydroxyvaleric acid,319,648,65528,269,321,418,480,417,1283,369,526,559,566,511,849,913,1711,1611,548,398,586,595,356,397,400,648,722,325,518,864,2605,896,837,720,710,378,254,899,392,244,443,485,422,1151,636,545,508,531,1288,351,342,322,712,361,691,379,361,521,676,1520,497,716,403,462,504,671,530,638,622,564,225,498,650,424,648,647,835,496,502,440,509,325,335,316,438,468
2-ketoisocaproic acid,1733,2293,982,1216,2159,1428,1686,2256,2210,3374,2367,1943,2798,1934,2758,833,2954,1556,2628,1315,2564,2449,907,1542,2081,2019,1666,2679,1472,1742,1610,1599,1266,2351,3351,2133,923,1675,1592,1736,2787,1506,2467,1704,1764,2890,1814,447,1389,1311,336,2465,1857,1561,1688,1549,1793,2850,1168,1392,1997,4084,1518,1146,1900,1543,2261,1590,2378,2391,1793,2421,2298,931,2510,2361,2198,2085,1825,1076,814,1744,2289,2133,2194,2745
3-aminoisobutyric acid,232,291,1089,109,955,177,212,128,411,212,265,835,339,313,414,975,448,578,239,312,305,399,262,254,178,234,226,232,249,116,21692,327,618,269,415,110,127,219,204,222,694,380,433,703,244,447,322,572,921,273,255,295,662,213,462,138,182,343,306,657,297,331,338,281,372,329,303,258,279,357,261,278,300,214,447,447,392,517,198,173,850,708,206,284,215,321
3-hydroxybutanoic acid,1252,6181,651,505,1582,471,1435,2738,1260,1935,1480,2855,8007,12958,18729,11624,1952,3029,15854,3100,1934,6423,3827,13967,731,1474,1124,4283,2609,6438,7070,17339,577,4751,10016,1054,16849,3481,19296,1048,3238,1200,2406,3990,2106,3067,1609,449,2336,1693,582,2745,9497,1348,1569,1253,1158,7145,3651,11280,2668,4680,2625,10975,2483,1102,829,13754,898,17522,1005,4428,1634,646,7298,2091,2333,23656,1370,702,587,1847,1964,2009,1667,2487
3-phosphoglycerate,69,67,61,87,104,71,162,70,28,81,68,356,60,80,128,158,183,47,82,73,57,126,121,55,104,111,103,29,106,65,72,279,38,109,109,92,57,56,86,94,136,83,54,71,46,79,53,82,41,46,55,49,57,329,127,368,53,46,40,60,373,59,43,69,343,81,51,96,47,77,41,60,209,35,38,480,56,44,49,51,791,273,45,506,211,67
4-hydroxyproline,2665,2900,2306,2051,2825,2169,1552,875,2121,1204,2520,1061,1659,2366,806,2616,1241,1593,2409,2554,2841,1845,2103,1985,2616,2567,1560,1228,1399,834,2869,1482,1319,1777,878,2107,1472,2132,1241,1562,1296,1053,858,1134,1974,754,2099,2732,1478,1703,2986,2036,1978,1974,1574,1601,2131,2136,1206,2679,1842,2577,1292,2378,1799,2198,1997,2089,1937,1940,1547,1458,2532,1071,1343,2125,2227,2076,1801,1973,2501,1890,1868,1394,1397,839
5-hydroxynorvaline NIST,99,74,56,91,86,65,71,69,108,115,100,153,91,54,83,182,122,226,128,158,209,138,114,55,98,74,52,191,55,60,61,112,197,72,50,70,57,96,74,54,100,93,97,138,127,205,170,523,125,55,278,80,313,322,88,211,153,303,131,190,165,140,188,115,147,188,53,179,57,75,93,64,150,92,86,87,128,98,50,81,110,50,156,63,186,101
5-methoxytryptamine,141,264,82,140,45,377,82,125,259,83,93,50,70,89,370,158,63,60,175,117,98,133,153,113,251,339,100,77,535,25,129,134,46,241,296,132,131,340,836,85,342,58,59,141,90,99,131,43,99,73,51,107,62,86,120,64,66,51,61,49,48,89,76,178,101,101,89,51,45,239,42,124,149,59,69,101,108,46,104,83,1550,54,137,109,199,205
acetophenone NIST,578,690,629,755,686,712,722,343,385,432,609,708,1041,898,336,678,596,873,953,801,825,503,710,915,815,743,763,860,856,408,704,781,926,825,778,684,752,651,676,554,304,450,425,566,781,630,586,482,361,566,822,960,709,589,509,893,821,994,667,663,787,522,727,460,586,874,791,1016,786,764,585,497,827,777,569,568,713,755,854,779,612,625,749,1108,302,322
aconitic acid,141,124,77,124,91,107,77,165,83,89,62,99,123,71,81,116,54,113,85,58,153,83,82,107,58,179,107,157,69,79,265,141,144,99,143,44,86,91,95,70,99,117,221,106,73,99,123,103,97,72,43,73,139,147,112,150,96,148,87,109,159,206,101,116,157,100,119,130,127,152,93,131,121,104,101,178,106,88,67,82,115,97,98,161,105,76
adenosine-5-phosphate,347,140,78,91,208,106,247,297,358,109,95,71,40,183,574,557,195,56,254,96,197,368,337,116,445,514,274,55,495,215,142,157,60,369,360,256,47,402,496,467,623,142,96,194,39,53,72,707,55,72,793,34,178,45,73,41,40,58,188,216,77,50,57,145,50,68,67,110,74,151,42,110,182,46,92,33,53,34,54,54,2497,52,88,52,77,43
adipic acid,281,281,301,196,176,342,263,197,395,184,206,244,343,263,225,244,179,198,233,259,230,207,230,231,182,248,253,322,307,208,279,319,221,258,157,248,233,223,204,382,292,269,277,330,709,393,214,140,283,233,200,376,235,208,252,212,234,265,1393,245,193,213,189,206,206,278,239,307,255,189,387,241,161,224,252,159,180,220,253,284,185,242,258,217,245,320
alanine,92979,84485,74410,29816,73606,58866,67959,53581,48244,84951,84100,88256,54392,26391,56609,75392,87067,92162,75619,71027,106130,82913,51824,48398,93647,65433,62052,68370,56624,34544,55893,75322,88085,40673,53566,38722,25749,47386,41560,48462,60424,82141,63581,80449,59024,75717,125141,117450,42856,33329,56221,30899,48332,85373,94431,47440,65751,45467,19772,95852,80347,78354,66577,57191,85065,80795,62346,48080,69680,46988,97062,46592,117375,77471,57543,133737,67694,63373,98747,81269,80000,43197,45294,57687,123701,27840
alpha ketoglutaric acid,181,105,109,152,154,178,252,199,376,90,147,127,101,212,264,97,163,97,182,191,220,173,133,156,123,138,208,205,104,397,81,292,95,86,155,108,123,117,186,151,308,220,216,153,131,181,138,48,109,148,165,160,110,69,128,46,31,183,79,123,154,280,87,79,150,158,96,201,118,152,178,129,216,104,99,131,132,174,86,132,161,72,124,74,254,194
aminomalonic acid,1898,912,2392,994,1073,1677,894,815,1691,781,658,538,363,739,569,848,443,868,1477,716,1191,908,1235,463,868,832,943,913,1029,663,478,831,1162,390,481,1072,710,940,692,703,1039,807,943,1014,1035,434,648,1534,874,1443,2599,822,934,876,660,586,1298,1401,846,560,838,1427,1357,694,854,1085,653,988,1234,1757,1114,986,1151,1149,1166,518,536,831,569,1185,980,808,1378,752,1235,982
arabinose,153,180,717,236,73,281,151,95,166,240,144,126,191,106,252,219,280,803,121,122,269,136,122,109,104,153,245,264,154,110,313,218,228,282,189,134,131,286,147,167,138,159,204,141,192,119,151,170,101,184,277,229,69,244,193,200,229,241,354,368,261,248,190,158,249,215,167,143,182,162,149,126,194,165,100,141,129,207,188,187,168,232,221,264,143,214
arabitol,74,43,77,83,124,86,65,41,143,121,24,52,32,38,81,40,84,113,50,27,89,38,70,74,109,114,153,91,73,37,392,101,60,117,97,54,53,38,38,54,67,146,126,75,58,85,82,86,33,88,90,79,153,99,46,144,53,149,220,60,126,121,107,71,100,164,57,40,90,87,105,75,87,67,49,92,42,81,55,67,55,66,30,83,87,45
arachidic acid,1743,1044,1817,2681,2145,2230,1120,2038,1431,1601,1944,1722,886,2559,1653,1997,2824,1837,914,1255,1708,869,1709,2441,1871,644,1639,1913,1135,1809,770,3184,2384,2440,2012,2066,2279,2796,1505,1872,1873,236,2072,1789,1456,3805,1464,1560,1718,1980,1594,742,1823,610,805,1956,2953,3482,806,1903,1788,1666,2478,303,1915,2229,2295,2176,2201,3307,2595,3078,1798,1911,1265,497,2823,749,1374,722,1103,2337,2083,1801,1602,2261
arachidonic acid,2746,2996,3930,2144,3627,2216,1274,304,359,3837,2097,2237,1484,2044,232,2115,1339,2100,2281,2725,3338,3656,3541,3635,2357,3117,1788,1834,2164,238,790,279,2356,4735,3535,2960,2635,2540,1572,2040,306,263,202,1680,2521,2237,2601,1871,2414,4233,1850,1946,3658,2113,2665,2343,2442,2479,1094,4870,2439,5980,2544,2958,2836,5175,3607,5563,3252,3467,1552,2006,2476,2274,3380,4320,3291,1927,1674,2926,5682,2406,3692,4327,159,232
asparagine,1128,1621,1057,1564,1381,1238,1104,1545,969,1476,1672,1479,1823,938,1068,1608,2272,2461,1764,1214,1511,2618,1074,1666,1942,1560,1290,1787,845,899,1830,1788,1634,1561,884,1310,841,1381,973,1042,1247,1447,1953,1550,1143,3094,2609,3421,2424,1068,1740,1145,1166,1859,2150,1984,3693,2970,1035,1867,1582,2055,2085,1966,1292,1773,2099,1096,1554,1569,2403,1414,1458,1542,1872,1979,2194,1675,1166,1293,1859,1115,1462,1376,2062,1467
aspartic acid,565,523,283,305,498,544,495,422,554,461,619,426,357,373,757,522,565,300,327,407,578,518,580,417,558,672,428,407,639,353,392,496,304,472,445,824,199,638,412,633,966,410,165,500,475,276,386,481,238,310,350,187,391,263,453,264,294,204,472,1370,316,386,194,430,342,343,289,737,276,212,143,465,401,188,241,280,296,162,403,284,4849,135,393,228,397,163
azelaic acid,49,42,32,82,69,84,46,38,40,62,41,41,54,48,62,44,53,42,59,57,47,48,49,75,43,57,44,7,58,38,41,64,43,68,58,46,48,37,50,86,57,35,60,53,22,57,41,59,70,66,40,42,46,38,43,68,55,14,31,21,71,61,45,32,39,51,32,62,46,59,31,68,46,38,37,39,43,61,42,39,87,39,45,67,39,30
behenic acid,128,73,38,79,73,68,54,88,154,116,133,199,56,180,100,128,225,176,39,183,79,45,95,43,121,92,69,83,70,64,144,132,49,86,58,35,107,70,72,106,73,81,18,115,166,54,260,134,223,140,27,143,103,63,36,149,138,88,322,87,89,121,162,147,51,22,46,131,136,111,83,156,47,202,48,70,73,125,184,21,65,162,87,167,64,78
benzoic acid,1116,1154,1187,1433,1245,1557,1397,1046,1172,942,1101,1375,1372,1300,1056,966,1502,1210,1215,1297,1852,1148,1385,1327,1218,2028,1237,1378,1535,826,1757,1967,1152,1345,1298,1344,1255,1362,949,1381,1247,1054,1050,1558,1468,1398,1192,1122,1090,1816,1113,1388,1557,1548,1387,2031,1427,1360,1357,1199,1992,1172,1318,1162,1458,1517,1370,1476,1267,1200,1274,1221,1075,1152,1226,1368,1301,1282,1701,1618,1329,1319,1426,1700,981,1151
benzylalcohol,22923,26989,27921,34969,26996,30768,26944,28736,23166,25420,27549,32265,33423,29720,31505,26561,22848,28042,28059,28623,26051,27206,31084,29202,29248,29330,26133,27908,26601,29175,22217,33077,28376,31177,27530,27143,26830,26056,22268,28503,29051,28663,31807,25266,23391,34364,29935,26606,25117,28358,25821,29908,27499,24844,24502,32046,33223,34101,31216,24693,24984,21017,30487,24979,26583,28766,31172,30333,30572,32722,23308,24551,25368,24128,26026,29722,31042,29193,27883,28507,27826,28221,30511,33845,26007,32081
beta alanine,116,158,64,54,34,94,54,75,75,59,260,54,92,64,143,92,52,84,130,70,69,38,65,43,62,115,114,66,135,110,320,94,116,72,97,103,133,100,32,132,203,121,41,106,98,33,91,50,48,86,109,75,76,80,87,68,135,159,81,68,59,329,92,84,77,153,68,97,66,63,302,141,78,122,151,70,71,96,193,119,172,80,111,96,103,130
beta-glycerolphosphate,56,64,111,64,105,109,79,64,111,87,67,40,72,76,86,75,58,101,86,80,117,127,72,68,64,92,64,73,80,45,236,89,88,84,108,81,62,107,65,66,72,94,56,59,74,101,68,49,57,100,73,85,142,79,70,97,89,121,88,142,93,117,77,76,96,165,93,71,94,49,56,48,92,74,108,71,88,71,53,93,102,60,51,83,69,43
beta-mannosylglycerate,2870,1027,1003,1497,1238,2890,1552,2969,5200,1611,1883,1933,2111,2270,839,1215,2321,2142,1967,2695,1149,1932,1710,3821,1588,4015,2494,308,1083,2574,159,514,1718,303,182,2193,1329,2491,1143,2222,881,1192,4058,2096,2756,1438,3363,1298,183,1985,1484,867,1202,1766,1649,1664,4212,3022,3713,574,1640,2832,1898,2749,1496,1638,965,567,1026,1753,1819,1601,2914,5022,1502,1228,790,3773,2002,5335,4622,802,1678,1024,1998,990
capric acid,1053,735,511,576,523,712,683,772,811,553,865,773,842,819,607,738,572,647,875,876,1187,605,836,962,798,860,626,937,771,489,817,788,565,745,864,617,618,738,922,672,747,635,802,887,772,857,719,613,707,863,608,788,827,621,697,730,862,780,982,617,736,682,774,604,775,716,751,766,824,780,686,616,499,501,683,825,709,785,719,653,581,609,698,800,665,659
caprylic acid,1142,973,943,980,787,705,513,501,391,738,833,1008,1125,942,379,568,704,733,1185,1143,1223,850,1001,1124,747,1247,580,583,596,326,821,590,912,1045,854,1067,993,1002,522,521,470,370,537,463,1330,1271,855,830,711,1091,774,1146,949,1280,988,1153,1269,769,577,910,1236,871,817,752,1187,1117,1005,1151,903,688,454,581,840,755,860,994,798,871,1285,1323,907,926,1038,1334,397,372
cholesterol,31589,57698,30249,50644,58239,67848,45984,61935,49601,54676,58788,73110,66168,59889,39428,62058,49076,58103,53218,66475,52116,30863,67712,47755,60394,29417,45873,31106,30461,55271,31681,53135,54296,59732,49075,57619,52135,58486,35822,48548,65043,46873,43689,63270,50328,70501,59680,52026,63626,65026,17799,62832,65323,48080,57730,55532,68503,50366,40693,49976,54048,34738,63599,59960,55134,60959,36841,64828,16337,65143,54506,53313,49067,54333,53954,65573,64336,53324,53448,58412,26712,47164,40034,56728,27999,44211
citric acid,11641,10186,8039,14673,9885,13301,8338,10077,10875,11786,5327,9408,8789,7373,6942,13241,6495,11779,13432,7180,10297,8458,6112,10173,6888,16309,8461,15231,8088,6568,10382,13992,10297,7385,10037,8401,11820,10263,9846,8735,9727,9169,20157,10112,10507,6650,17081,5952,6604,8555,6350,5627,7867,14737,7646,14109,11303,9373,8610,13898,12233,22414,9992,16618,12028,10296,10233,12047,10558,19132,12296,12640,9561,9137,11840,12289,11123,15260,10665,9648,9453,8642,10157,10866,8925,11158
citrulline,290,285,409,296,400,535,159,361,341,480,430,395,319,285,210,318,280,658,193,222,258,202,153,338,231,344,271,1125,182,144,707,162,335,169,377,346,252,620,299,163,237,485,624,395,386,640,572,440,661,572,534,412,303,385,261,271,594,949,574,294,145,350,466,405,279,409,898,362,623,482,708,291,254,482,380,390,533,516,452,435,349,220,237,338,275,541
conduritol beta epoxide,450,314,391,250,290,1225,119,132,216,151,1014,100,211,116,148,242,123,457,687,808,309,638,114,273,514,196,488,285,252,87,999,667,154,399,132,222,888,243,252,140,211,125,171,373,332,362,146,147,150,833,146,341,1422,259,103,204,134,396,189,490,1166,1200,750,287,1090,1288,182,476,182,699,319,288,139,121,200,158,317,268,189,100,130,178,876,151,782,202
creatinine,1815,3378,1922,2368,2220,1798,1379,2232,1313,2371,2317,2458,1869,1222,2982,2108,3230,3624,2265,1680,2218,2057,1629,3589,2788,5109,1834,2309,1590,982,20802,2172,3257,5342,2485,2094,1088,3273,1750,1263,2134,2271,2841,2320,1171,5425,2367,2370,1535,2456,1707,2225,1803,1313,3141,2784,1525,2560,1708,2434,2895,3840,5257,1887,3501,3027,4333,1483,3123,3275,1656,3897,4285,3692,3167,3917,2958,3204,2164,2724,3984,1401,1375,3127,1612,1627
cysteine,1487,525,455,183,558,194,369,321,498,922,633,811,902,468,803,1242,613,1189,778,749,1002,1470,878,501,846,536,620,459,665,287,852,1033,810,889,647,273,428,769,671,354,833,588,232,823,542,856,1351,944,618,384,602,317,794,716,816,416,283,538,273,1003,1164,1203,1185,883,1119,567,506,595,448,804,497,432,1075,848,868,942,930,899,864,824,2183,267,457,294,815,301
cysteine-glycine,292,82,125,160,310,128,181,165,97,160,76,126,202,144,195,207,119,185,160,153,222,240,179,380,143,333,246,205,173,146,108,144,157,225,166,155,85,547,246,182,172,139,128,134,135,188,231,159,166,161,118,201,200,145,94,117,152,126,73,139,103,217,149,102,170,135,144,176,138,247,152,285,215,139,155,166,156,88,135,124,108,126,128,128,124,194
cystine,845,1472,3171,2898,5385,2208,2087,4494,1472,5280,5023,4378,4831,2931,2170,3998,2483,5648,2343,2595,2624,4252,2694,3731,1740,4458,5379,7145,4748,3546,4852,3123,5319,1069,4343,2860,3462,6829,3332,2474,3451,6916,6875,4130,3427,4051,6094,3929,2748,4579,3703,2688,3969,5271,5230,4989,5499,3503,85,4382,5888,6389,5528,8471,5098,3371,3438,4477,3725,7962,5220,6305,4582,5818,6503,5167,4537,5040,5381,4753,1723,5195,5171,3912,6223,4657
dihydro-3-coumaric acid,175,168,146,167,259,271,180,199,224,212,233,511,338,134,204,297,227,224,129,176,171,207,157,244,151,274,248,489,219,221,257,227,220,258,239,298,167,223,92,231,166,283,299,222,128,272,318,291,243,221,275,188,210,231,227,226,251,201,64,232,245,303,200,227,230,218,274,195,321,292,305,360,136,217,224,500,388,203,320,207,109,529,322,483,153,291
erythritol,363,259,848,368,345,397,385,219,545,300,238,248,239,210,2616,328,2558,579,287,201,418,389,187,365,292,560,4882,512,372,225,1478,510,268,578,630,248,257,393,315,247,446,462,310,514,338,198,350,383,122,292,425,239,879,386,213,434,220,306,410,304,613,718,452,291,565,343,409,285,410,341,241,425,361,500,277,537,208,404,390,520,420,314,511,495,448,246
erythrose,44,54,76,93,153,67,54,40,32,86,52,49,66,42,57,40,47,66,47,54,47,68,42,59,71,76,76,91,75,42,87,59,86,46,104,95,78,69,65,84,55,27,48,64,71,62,62,50,62,83,79,86,66,80,45,104,110,94,105,87,55,79,69,97,82,56,107,122,80,156,98,76,49,64,81,68,33,70,93,49,73,135,62,64,31,33
ethanolamine,568,582,553,446,497,602,428,2263,3339,686,594,510,719,500,2233,569,633,603,571,595,692,591,652,598,540,632,513,686,558,3132,3167,786,518,542,468,520,484,520,422,528,3084,2102,2162,557,471,728,655,515,451,588,561,523,683,547,589,404,544,522,482,786,603,800,512,608,497,533,469,624,517,703,474,555,530,480,564,469,531,476,658,576,610,440,441,398,1695,2855
fructose,15840,19949,18728,12987,24818,13434,6357,431,953,44177,21653,12149,47491,9901,445,35910,10822,24953,14149,19505,15386,19909,11946,14873,8053,18589,18089,34302,11501,603,28923,2059,25932,24836,24494,28745,24448,26390,7536,15105,710,321,966,13838,23028,21896,23735,23227,15330,24622,24970,18792,21977,26558,30833,25420,23494,20906,24333,31733,29869,42584,19824,33461,28610,23860,26658,28360,28414,21214,17670,24842,16464,28501,29070,23488,30186,28574,31073,30221,17143,69925,30186,19763,456,365
fucose,295,312,242,404,272,331,211,308,310,344,232,220,369,282,432,388,267,383,302,465,203,301,200,212,212,384,333,430,230,204,405,396,260,236,330,254,168,351,355,366,352,291,271,356,332,371,410,269,301,305,275,212,286,290,243,414,421,399,432,381,300,432,213,332,384,259,272,227,297,288,261,320,231,341,340,302,385,334,367,205,221,488,469,418,348,281
fumaric acid,198,267,152,99,176,81,140,93,122,189,117,210,322,159,141,263,122,113,180,239,223,188,136,309,176,218,228,203,173,88,199,124,159,212,258,161,232,193,192,123,118,80,124,170,164,131,97,93,135,147,151,127,173,101,81,126,94,135,122,301,202,214,106,71,260,142,145,221,122,132,88,184,148,144,135,166,129,200,138,120,211,181,234,152,115,92
gamma-tocopherol,301,181,180,416,366,326,618,465,186,560,375,681,168,655,746,537,424,169,179,341,82,148,294,220,173,760,159,198,181,438,351,276,552,205,1091,261,199,342,286,413,646,216,453,292,156,131,497,173,289,141,234,141,637,211,619,156,406,196,358,219,94,306,67,421,110,353,214,231,235,210,267,449,240,481,879,384,239,206,277,434,618,184,242,366,253,243
gluconic acid,57,77,66,103,161,178,82,61,167,153,61,109,99,38,62,185,122,154,88,84,180,110,85,126,79,155,157,243,149,72,885,110,66,148,228,206,102,144,97,121,73,91,98,146,163,122,125,139,67,167,146,82,152,195,122,167,78,66,58,229,304,214,167,244,282,129,142,121,116,199,148,175,137,92,165,208,143,80,147,134,105,339,150,150,98,77
glucose,39488,45202,32812,39202,71824,59465,35747,47326,58298,87940,48473,38249,86145,28235,41340,80982,53796,51009,39533,38902,30363,44374,36311,37979,32860,52571,59000,168768,39593,46197,48286,32704,46897,53302,60989,61453,47562,53071,39821,60191,33039,67494,87557,57791,53742,60867,67773,50758,44556,42419,61230,51291,41328,50590,69707,48469,64684,47044,46930,55162,60242,82426,42999,64143,28055,47052,63284,48270,48183,60232,78232,90636,38737,45424,54098,53278,51060,51909,88759,49886,35295,168866,67649,44663,69904,62768
glucuronic acid,171,895,812,226,257,250,169,95,511,262,226,327,199,131,170,208,399,350,114,199,168,152,427,249,61,227,284,507,165,190,2346,267,247,270,228,171,90,320,288,212,108,240,155,412,176,293,235,1166,113,249,1441,210,362,369,152,348,203,182,1596,181,351,273,209,233,298,230,871,159,955,189,169,462,302,314,176,355,177,312,3074,333,320,300,217,339,155,140
glutamic acid,3182,3753,1703,2397,6394,4801,5022,3523,5354,3610,6272,2578,1952,4920,7036,3569,5718,2211,2482,2658,3828,3342,2892,4503,3270,3681,4128,6579,3709,4438,3019,2919,2457,3765,6841,3796,1078,3857,4035,5021,6447,3701,2122,3588,1826,2051,1507,1986,1396,3087,2048,1485,2102,4442,5290,4223,3982,1196,2634,5518,2419,2992,1087,2899,1857,2333,3811,4466,3472,2515,1994,3321,5277,3143,2304,2796,1854,1275,5225,2862,9493,3298,4591,2681,4218,1559
glutamine,12397,8010,12442,30695,34059,33762,16595,22558,35250,32569,29823,34665,32159,12725,13335,13957,19629,52296,13063,19475,18653,21846,8606,18815,16509,26403,25748,59921,12029,19488,14922,27900,31487,20892,12804,23400,15859,29493,16633,13833,20047,46669,62212,24433,23977,50873,66901,62524,42307,29471,38243,28476,16134,34178,44924,39628,58912,58224,26225,21451,25999,43908,41713,50572,22049,21779,46972,26970,44483,55586,55677,42728,15239,31064,34320,38317,49482,37265,23262,25761,9465,29036,29427,36810,52354,47068
glutaric acid,86,68,65,65,57,89,75,74,43,27,56,61,57,58,66,67,64,73,52,27,46,54,44,50,57,52,53,282,47,42,55,52,50,39,78,46,62,43,47,48,56,37,35,85,144,79,53,69,53,62,98,73,49,51,30,49,40,155,88,52,78,60,68,78,76,74,72,43,73,72,56,58,31,40,74,79,38,93,73,55,68,56,61,60,43,54
glyceric acid,1576,2173,1672,1279,1718,3911,963,484,1566,1260,1173,641,1093,871,894,1307,1270,1412,1573,1663,2079,1984,942,1514,1707,1301,1474,1478,1346,605,1729,727,1276,1688,1280,2125,992,1365,1609,1504,766,543,599,1391,1594,1586,833,1336,1020,1642,1914,1271,1012,1213,1173,1232,1279,1664,1242,1883,2463,2504,1263,1164,2480,1972,1658,1824,1671,3065,1410,1339,1395,1137,1022,1483,1437,3675,1123,1314,1317,1732,2138,1282,753,648
glycerol,20665,7733,4148,6590,7305,6752,6515,16207,19063,14222,11043,6156,8101,7320,1769,9151,10890,10443,13959,11560,10170,13455,6788,21849,5444,17907,2877,10664,7700,7667,6058,12010,3703,8544,12507,10188,16689,6861,8762,3107,6397,5177,7475,8641,7660,10678,25956,8532,6714,8200,9442,7993,20450,5895,7222,6389,6874,10956,9535,40291,17760,16662,11822,12011,16311,9000,9092,8624,9099,19511,8204,9303,6559,5393,11853,6460,7696,10887,11098,6413,5195,6809,6332,6223,5489,6097
glycerol-3-galactoside,478,576,485,570,493,562,329,387,466,563,351,571,444,455,371,423,451,704,468,434,427,586,494,744,251,634,302,549,590,260,1135,313,335,591,584,462,320,425,583,371,338,296,451,512,363,563,521,320,313,734,596,651,424,363,439,173,617,484,83,546,352,504,495,626,445,769,215,648,200,659,339,444,394,350,448,561,470,412,382,406,659,538,692,639,427,402
glycerol-alpha-phosphate,2580,1833,2281,1439,1867,1312,844,166,250,2059,969,939,864,1125,155,1434,818,1679,1959,1899,2091,3233,1789,2681,1715,1803,794,955,1057,107,1058,211,1507,1329,1808,1592,1061,2159,1081,1302,230,103,126,984,1143,2329,1082,988,1209,1831,1251,1790,2560,1597,1028,1547,1855,1773,451,2931,1520,2790,1680,1205,1765,2912,3012,3236,2601,1994,966,998,1874,1660,1950,1466,1606,1407,763,1916,2661,1245,1940,1484,107,120
glycine,87065,47293,106263,40113,57171,65143,40149,32248,44987,38037,36491,33306,26893,30297,30257,74073,33432,58197,69915,37463,57394,66820,57432,28094,44405,43745,39661,44261,39177,33996,39873,38728,66485,20863,24701,41635,35869,46499,27002,29555,50518,33182,44139,54434,56529,39448,41205,90298,39445,56109,91422,30856,45517,33396,43694,26621,75674,70214,43875,46629,46428,48531,87457,46910,44250,56587,37420,42377,46132,66134,50955,45099,75895,54280,51989,45200,41938,50634,39611,56837,50847,34768,55257,30600,53982,44193
glycolic acid,793,638,619,928,770,729,451,472,539,582,645,351,585,598,611,465,452,279,848,934,983,518,799,805,516,740,575,548,427,602,587,758,509,622,585,731,740,750,428,526,414,577,443,333,810,973,433,131,531,528,666,735,568,602,101,589,741,787,457,639,1250,593,674,437,1016,657,569,808,607,666,429,467,808,512,847,755,918,657,662,623,606,918,724,766,548,627
heptadecanoic acid NIST,253,307,360,256,291,271,243,220,307,275,242,261,369,368,375,210,350,406,424,299,213,222,662,453,249,387,236,577,298,210,270,438,261,196,339,274,345,361,305,297,306,216,314,418,166,474,457,258,248,401,300,386,226,288,317,351,318,301,462,1717,385,423,341,406,412,242,421,464,400,403,282,256,309,416,341,264,335,313,212,709,579,281,247,274,248,322
hippuric acid,4944,6042,2121,2081,1676,3975,4468,3537,6633,1866,1699,289,1924,5912,2665,3319,1340,1212,6469,4069,3678,2723,3958,1761,4364,2440,3540,1490,5077,2429,1674,1051,1731,1479,1609,2946,1576,2343,1771,4592,6285,2137,3992,3472,2594,1375,1258,1141,502,1836,1705,2111,1566,865,1510,1225,1868,1158,3043,1602,2376,1851,1192,1714,1935,1761,1446,2129,1559,2087,1404,1791,2720,1342,1567,1416,1409,1420,2111,1567,4888,2599,1819,1127,1245,2548
histidine,1867,1358,1433,1865,4036,3408,2363,6056,4138,3532,2644,2269,1515,2062,3147,1641,2967,3669,1600,1880,3162,2867,1051,2880,3130,2946,2877,5935,1883,2591,2143,3023,3079,1595,2105,2373,1257,3793,2315,1490,3278,6257,7185,3180,2913,4877,4710,2596,2547,2801,2803,2540,1307,3344,3032,3178,5301,3414,1148,2449,2442,5794,2408,4253,2470,2284,3876,2394,3415,5724,6627,4527,2309,2759,3019,3101,3238,2289,3427,2229,1309,2034,3559,1979,8492,6842
hydroxylamine,608,615,659,426,361,565,579,538,446,410,632,769,363,516,601,536,138,462,367,416,421,310,558,291,391,361,476,596,536,505,808,426,136,652,372,543,920,425,325,572,682,621,688,569,591,277,592,435,454,399,458,558,488,621,712,386,351,377,638,402,466,442,602,463,445,932,343,576,535,348,460,444,349,539,482,374,297,545,643,575,373,886,629,404,554,732
indole-3-acetate,368,276,265,412,232,540,243,349,354,5721,243,232,238,616,1194,115,300,563,276,290,278,722,187,478,463,432,441,560,347,293,807,288,548,451,2054,328,150,282,563,545,504,406,364,518,467,310,1857,216,254,308,235,377,251,2559,515,2497,404,286,415,333,456,995,376,280,435,593,925,314,919,238,528,619,510,202,298,1143,583,308,809,231,215,242,749,1052,705,574
indole-3-lactate,207,200,135,262,244,316,269,234,428,479,266,367,137,241,351,314,258,358,183,131,388,359,163,394,265,253,314,377,398,206,926,220,318,447,558,259,117,403,309,234,380,250,306,319,373,1356,275,186,169,234,185,1103,263,431,495,439,251,401,350,182,409,362,283,191,402,440,248,156,322,263,270,293,449,216,289,325,263,145,425,236,210,297,258,316,256,250
inosine,42,38,54,48,37,38,38,31,21,48,38,43,44,33,38,33,26,40,29,38,41,20,36,35,42,30,31,51,38,37,58,43,29,26,52,35,31,25,29,44,39,36,29,46,36,47,52,30,37,53,36,48,33,54,30,34,53,49,42,37,20,45,34,39,53,46,39,42,43,42,45,27,43,41,53,35,61,26,49,36,61,41,36,38,29,58
inulobiose,109,103,187,151,113,252,171,37,149,158,117,115,130,111,84,37,137,295,97,170,306,124,94,210,139,95,324,967,326,129,470,281,110,141,176,91,115,127,123,93,158,473,144,140,534,144,179,48,79,139,105,74,130,331,134,299,99,80,239,4534,150,55,88,110,155,123,292,218,261,145,120,178,167,122,132,287,77,98,184,96,93,177,132,131,92,145
isocitric acid,365,309,244,340,284,361,366,219,333,251,178,252,305,260,346,398,190,457,298,266,327,232,204,302,307,517,363,500,422,274,705,595,238,323,652,297,268,356,409,409,338,252,507,365,212,195,358,173,138,213,167,161,263,461,201,424,353,343,281,343,566,477,389,362,597,302,444,288,388,548,343,403,446,290,296,479,249,334,276,299,354,252,339,470,262,254
isoleucine,15036,19193,8247,7067,17184,14178,14446,14106,17850,13728,31066,14809,13899,15730,16538,11075,22313,20154,13912,14520,28655,15816,11024,15038,25460,14448,19269,17245,17523,13200,28209,22124,15101,12534,20894,14339,6206,16445,10544,15124,16106,17918,22192,18734,13600,17574,16263,4321,12970,11951,4608,13432,15729,13177,14599,12459,20548,18044,9835,14269,16085,32094,10507,20332,15740,11346,22174,10948,22937,13462,16741,21779,13740,11727,21299,18785,15701,13847,19120,11888,12142,11266,18057,14349,18606,14947
isothreonic acid,788,473,793,517,682,516,401,162,475,482,433,384,412,430,363,513,493,962,522,615,718,723,399,577,548,729,610,610,504,199,2239,460,561,659,818,589,316,705,456,348,340,330,223,459,602,766,459,729,377,603,1047,642,581,601,430,680,577,606,581,794,1941,759,630,617,1939,768,711,639,804,728,342,530,751,676,387,874,683,687,518,727,683,841,673,785,233,187
kynurenine,119,37,88,128,122,91,72,126,47,144,45,55,166,76,103,87,85,80,46,57,99,94,73,88,107,124,188,170,124,99,186,120,91,130,124,123,75,60,95,115,80,120,87,120,65,102,99,67,49,69,73,51,126,73,92,105,132,83,42,109,104,109,111,101,87,135,83,93,106,114,52,71,25,49,70,149,100,211,142,68,59,101,78,131,73,90
lactamide,193,201,155,103,110,99,214,53,176,123,78,78,73,173,171,178,101,42,151,141,211,68,103,143,158,106,228,61,178,194,62,159,54,80,134,104,428,161,155,164,220,99,118,94,52,73,63,183,83,78,227,76,56,49,56,34,59,58,76,97,27,44,44,60,80,53,91,157,50,108,88,136,132,88,37,89,50,64,75,94,125,89,87,59,97,85
lactic acid,103628,90811,70139,46150,59095,54442,127521,52239,107348,51742,28853,36418,35983,106763,129578,89112,47850,13703,82870,92591,103699,90115,125757,103378,100332,90429,154555,52030,110730,128448,29165,112973,31693,62595,103198,43190,180166,63681,68923,80678,133022,47096,59768,51165,22564,34816,27360,144744,17945,26571,153848,30160,49012,21437,28073,25396,28026,24511,19567,50545,33966,29822,24000,22599,42737,29930,35776,60604,36311,36463,34377,46856,124254,49298,23629,63460,32617,18941,28336,60671,69712,59238,51867,58266,45210,28954
lauric acid,3719,1336,727,759,925,1942,1378,1463,1687,1207,2656,863,929,1227,975,1506,1283,1309,1491,1489,1482,1015,2529,2294,1054,1558,1017,1884,1249,963,2980,1108,599,845,1000,910,1161,1203,1559,1254,1270,877,1068,1573,1222,1267,1377,759,1107,1019,849,1186,1611,911,910,1002,997,986,1472,1202,1094,985,855,1086,1019,887,1109,1363,1058,1525,984,883,999,867,948,732,897,1069,793,922,955,1902,983,926,963,1092
leucine,22942,19640,10496,8879,18138,14949,18283,21647,25055,18739,37427,25140,20970,17214,27756,18068,43164,29211,25995,29320,56200,25267,24712,16851,26287,17305,20055,14630,20988,16864,44734,28990,24813,14306,21972,17287,7933,19757,12354,15827,17899,22556,17790,28248,29067,26405,33683,6438,18850,15878,4450,13939,19962,24759,33553,14696,16801,16269,9852,27997,29318,54080,17937,30419,33183,17086,21385,15400,22152,17628,16233,17647,21340,18558,32034,32485,26348,27885,37613,18027,17178,12222,19403,13153,31098,16017
levoglucosan,247,59,302,120,157,293,162,93,236,468,195,1177,117,111,140,138,423,431,88,134,76,46,278,326,112,428,55,193,62,616,784,108,350,77,317,91,267,376,795,668,70,113,224,265,659,101,188,84,273,431,92,120,48,111,102,190,386,124,554,121,166,36,279,94,180,132,235,159,269,196,68,109,112,1024,294,360,87,231,88,1044,989,702,99,337,79,112
lignoceric acid,156,200,84,226,561,874,147,371,382,179,163,90,123,191,298,575,274,333,139,222,181,179,119,163,152,96,650,182,179,395,211,177,190,96,264,166,478,245,285,242,854,219,354,782,138,266,213,147,280,84,134,344,214,239,75,241,261,174,2820,133,86,185,272,224,74,216,207,456,217,174,117,247,47,173,240,209,104,177,175,170,226,107,76,71,183,795
linoleic acid,1276,1472,480,440,724,416,1047,1169,950,1282,572,435,473,1074,886,1416,926,729,1509,1230,1168,1373,670,1877,541,1358,228,1068,732,950,708,918,381,763,1049,1005,1074,758,1355,493,570,170,569,796,723,1053,939,512,952,918,557,948,1131,664,920,609,893,838,814,1496,1083,1831,891,1298,1115,716,776,1514,713,3242,547,1222,520,508,1488,802,871,1081,525,565,622,560,598,1035,233,410
linolenic acid,1301,970,238,281,1149,306,1690,273,1098,182,514,392,432,966,974,188,1564,1263,1340,931,978,1432,741,468,942,438,334,178,531,807,1231,1533,770,625,1797,1793,1353,1255,418,897,704,246,492,744,578,1323,954,490,1584,727,615,1206,1309,999,1603,1009,1098,776,674,2323,317,2132,1455,2296,479,503,1308,1411,1300,5359,904,304,370,843,1170,612,1544,933,481,986,429,950,1017,457,222,414
lysine,13254,9827,9174,9290,16966,18772,12191,15199,19822,13632,18597,11885,7550,15024,9982,9002,14949,14270,10865,13335,18162,18331,8906,12782,17852,14823,20989,21044,15220,9256,12440,15144,13118,8840,10520,15701,8117,18704,11150,9429,14485,22061,25231,15474,14152,14785,18301,14080,11338,13827,13847,12871,8661,13584,14579,9896,19406,14543,8275,11783,18788,25017,12243,20148,17847,18377,15535,13230,19612,20716,17952,19096,14483,15522,20479,11712,17262,13279,17149,14640,7903,11570,15756,11151,19909,22078
malate,195,180,109,121,111,191,180,109,188,102,128,78,158,167,224,176,122,98,178,149,173,165,116,158,154,202,321,211,131,152,88,254,98,144,181,125,104,139,179,155,262,126,144,150,132,125,90,89,64,1602,105,108,120,142,125,143,104,137,118,894,182,178,85,81,155,116,131,145,140,131,127,147,182,102,112,202,107,118,114,122,217,166,229,170,189,107
maleimide,288,148,2144,150,266,244,180,178,256,182,193,98,107,245,274,145,192,175,158,180,308,200,266,318,210,172,140,300,217,136,144,110,141,152,194,184,99,212,173,290,341,160,252,145,169,361,245,224,439,157,164,196,285,229,165,156,190,173,803,208,225,226,254,161,307,315,282,269,248,311,189,231,193,213,203,218,233,117,97,151,194,107,178,215,232,300
maltose,78,72,189,35,83,946,412,72,121,39,49,58,77,68,70,171,235,169,47,47,64,63,58,141,170,234,55,122,143,145,438,79,85,285,172,352,68,64,426,174,270,867,66,401,149,48,52,70,35,77,31,58,78,123,75,54,57,93,87,326,45,31,59,56,64,106,64,90,76,64,138,637,189,62,98,103,72,85,141,91,870,72,124,65,142,56
maltotriose,108,125,66,72,187,463,157,103,97,57,95,59,44,59,171,70,81,58,84,62,78,72,89,76,132,149,75,72,89,108,100,56,55,228,127,287,52,108,351,259,525,154,58,110,110,46,72,63,66,88,41,48,75,74,55,43,57,60,84,91,49,64,55,133,71,61,54,110,61,132,63,137,40,54,59,48,42,53,64,63,945,45,152,41,126,74
mannitol,1702,3396,2906,5360,10367,3038,1328,1829,2395,4002,4282,1680,4268,242,1775,54233,2050,6838,1721,1775,2084,2489,1169,5052,3490,8158,2388,7296,2178,1818,17404,1196,1855,2906,1700,2236,1848,1959,1729,1489,2201,28446,3207,5674,3026,3470,2491,2031,1522,2019,3512,2615,2253,15738,2248,11770,5573,2227,1819,1989,9410,4480,8450,2618,9329,3818,13724,1972,10228,2847,2648,51237,2094,6054,2491,2987,2031,1731,2878,6095,4062,5228,4675,2191,6510,2569
methanolphosphate,169,223,232,165,213,234,121,191,189,290,283,152,282,222,193,321,260,280,453,339,266,164,327,258,437,200,264,248,246,199,236,160,167,518,317,182,256,221,179,164,255,185,270,430,251,211,277,136,288,319,216,388,315,271,212,342,340,500,214,312,238,190,168,257,226,314,279,273,281,236,407,184,253,322,227,311,185,209,224,169,520,330,190,183,236,206
methionine,1080,1023,506,678,610,626,618,669,1075,1090,1482,1015,1349,434,764,1068,2080,1285,1071,939,1510,1799,870,406,1833,619,725,696,728,653,1011,1497,1192,989,424,672,450,557,436,586,620,1260,1185,1304,1163,1628,1637,939,701,551,655,610,821,1143,1202,769,1205,693,464,1276,1039,1891,1065,1357,1071,1055,631,646,585,809,639,677,1265,1023,1575,1277,1456,1071,1382,1095,1137,374,979,558,2502,793
methionine sulfoxide,144,122,171,193,181,152,117,133,213,114,109,109,130,188,113,122,273,206,118,106,146,192,118,110,235,99,142,146,174,69,253,177,216,175,89,167,151,130,89,129,111,120,195,137,137,184,105,226,130,138,168,218,106,135,158,118,225,170,183,229,193,263,191,224,232,124,187,159,134,251,193,149,157,122,112,142,262,207,169,109,98,175,227,162,163,166
methylhexadecanoic acid,1074,1109,705,652,1285,1036,1101,1358,1378,1108,895,756,825,953,1161,1188,1092,1007,1139,1067,1323,974,885,1777,788,1241,819,1737,956,845,856,1091,715,1062,1101,846,1041,892,1258,1047,994,577,619,1435,867,1237,1027,661,799,965,824,1031,839,763,1093,875,1010,785,1105,1602,880,1281,947,973,945,880,1046,1878,910,1773,1316,1341,1048,760,1184,1051,1033,831,858,797,1058,763,695,921,640,799
myo-inositol,4099,6312,4071,3321,3780,5734,2911,2785,4103,2005,2881,2518,2233,1776,4400,4674,3578,5554,3322,3201,3297,7171,2634,4799,3912,5149,5763,4535,5394,2228,20848,4168,3329,5554,4848,3170,2271,5151,3627,3391,4872,3289,3946,4264,3229,4123,3141,2201,1656,3245,2525,3574,5878,4563,2442,4412,2585,6292,3966,3747,6761,6907,5463,3019,6322,6034,2870,3392,3088,6265,3082,5753,3612,2933,3547,3999,2568,4112,2781,3196,7758,2627,4251,3503,3663,2728
myristic acid,1238,541,375,369,579,583,687,974,1140,651,501,461,438,580,684,707,686,556,852,730,1071,609,540,1459,596,723,436,1087,562,509,535,762,257,417,508,522,630,734,963,439,717,325,410,766,537,867,726,459,537,827,656,790,940,500,467,524,612,703,576,1004,748,752,461,516,699,570,645,944,573,1103,541,702,653,425,546,305,414,482,350,295,369,436,539,563,521,457
N-acetylglucosamine,824935,838284,852727,1009613,902272,737534,878877,889376,671918,860178,953029,1084771,1030101,891621,865416,902427,902693,836969,899311,889632,647870,821914,906548,884365,836174,843822,806722,688225,907877,876322,828556,747523,942263,1011388,930323,912851,899146,939034,1081240,848352,931207,912850,788819,936439,854400,853300,826097,884491,1119222,959655,791767,919830,981391,939275,902668,1024540,865883,865495,1067582,879888,844736,609238,964040,934997,860182,905407,928911,858191,896184,734421,838038,804569,807064,977873,926271,806465,977349,927083,785541,855301,950779,900957,910376,993843,856678,958174
N-acetylglutamate,252,272,240,307,188,430,300,258,258,161,164,173,149,404,180,303,128,109,228,224,175,299,191,302,396,358,215,193,406,186,161,128,186,162,159,274,198,279,187,334,379,105,271,199,185,188,126,108,81,252,400,294,198,141,82,148,211,275,205,241,181,178,123,162,226,225,132,236,254,204,215,236,298,159,121,128,97,156,283,148,132,207,231,201,87,276
N-acetylglycine NIST,137,97,81,97,81,87,86,81,134,56,43,70,71,57,66,123,102,76,131,71,91,307,59,31,48,60,72,100,79,54,177,76,87,55,55,92,75,85,58,43,88,113,82,96,65,113,87,63,99,148,77,89,195,70,46,32,92,204,36,46,85,120,153,103,102,123,74,113,90,335,73,114,73,48,58,70,64,124,52,76,80,57,111,52,99,115
naproxen,48,35,64,59,58,98,46,62,53,53,78,55,55,43,49,53,53,57,43,51,70,68,17392,73,41,59,74,43,49,46,126,585,64,32,86,52,41,50,73,46,55,47,69,749,75,74,72,69,85,72,62,38,63,57,50,56,83,66,13275,81,574,50,53,6281,527,78,66,61,68,56,41,57,371,12362,34,44,65,56,54,12549,11104,62,44,81,33,45
nicotinic acid,479,378,542,367,204,592,485,260,1030,102,128,254,108,477,255,125,166,138,291,317,486,196,438,138,249,231,358,281,414,463,373,492,220,163,201,442,441,259,262,592,490,290,324,256,648,139,276,254,174,333,350,445,242,196,128,185,167,185,368,111,244,192,182,214,274,309,108,405,264,296,258,215,233,163,214,141,135,101,352,362,152,313,482,294,266,298
N-methylalanine,3819,6081,4064,1171,2906,2072,1816,2160,2857,3752,4292,2798,4217,2494,6142,1792,6749,4487,7755,3878,5194,11619,3293,2979,3380,2558,3082,1918,3738,2527,5018,6465,3420,3542,3426,2778,1703,2476,1729,2680,5295,3701,2943,4262,5433,3756,4944,1249,2453,1681,907,1918,3813,2507,6433,1971,2996,2111,1572,4848,5272,12112,2869,4574,5709,3861,2524,2892,2870,4214,3667,3081,5075,3079,3984,2840,5742,4585,6147,2786,2485,921,2872,1328,5513,3279
oleic acid,4102,3106,656,748,2276,777,2762,3633,3443,2871,1399,1067,1376,2946,2993,4000,2907,1361,4325,3281,3221,4338,2163,5814,923,3037,376,2821,1465,2579,1559,5044,264,2004,2150,2321,4379,1802,4445,659,2151,645,1208,2286,1791,4313,2757,1488,1887,2128,1824,3812,4449,804,1666,824,836,2568,1968,4534,2191,7175,1679,3573,2200,1497,1470,4431,1437,9138,528,2468,973,687,3490,1478,1362,2520,1255,700,942,990,945,1480,612,1150
ornithine,13514,10234,11038,10641,16113,19794,11020,15066,21189,6919,12519,5688,4382,14680,9378,11490,12073,10518,12551,17818,17876,19836,8575,12341,14435,15101,16696,13152,10190,13554,9218,13766,8736,5214,9584,8369,6356,15040,11257,9472,14930,15982,13864,11132,9761,10436,9535,7231,11007,8696,5393,7493,6948,8965,8136,7394,14168,14012,9433,11244,8213,14392,10674,10032,7687,12560,11002,7963,12254,11643,11959,16087,11737,8418,8504,7403,10205,12036,7636,7234,5738,6670,12984,6575,17804,10435
oxalic acid,165319,148428,183332,117903,87016,255031,189481,117850,269479,63069,81146,79850,46360,205803,96300,47230,62609,52815,97418,135985,140358,69599,146127,74589,110466,100204,172785,118602,168897,189589,100205,233532,90298,65350,82576,175482,173211,120917,114734,231716,155091,122491,144028,100014,202143,70492,77453,89267,96076,148248,163513,207670,85537,72489,57319,63942,90314,149168,147130,38746,95216,73051,60302,60191,101849,125481,53449,139668,131442,135364,126068,96180,86719,71887,66035,66209,54304,75586,129198,153837,68949,154450,182639,106680,101785,149487
oxoproline,61836,64499,53058,48144,43756,48750,35043,20528,44762,50581,41380,41609,36547,53660,24655,61385,37754,49137,56915,57371,66212,61976,51001,46226,62481,62590,34580,29421,31219,17716,39539,28844,53492,40410,31608,47491,30823,51280,28011,36252,31266,17388,19423,35986,46926,58037,51707,63164,33778,41237,69975,46732,42267,44699,37346,38846,50875,50875,28166,62741,41681,58370,43462,54479,42761,49199,42426,51472,45982,46202,33256,33729,59631,39667,42604,46481,48764,47519,45462,45302,56923,23830,44233,35402,14042,17334
palmitic acid,14725,12404,7536,9592,11916,12338,13075,16636,15146,15601,10443,7344,10253,11934,11892,15816,14633,12244,15427,14149,15455,12825,9570,21299,8593,13166,8742,15928,11216,10472,10225,12087,7467,11831,10139,11334,12309,10619,14241,12089,11705,6711,7476,17121,10850,13626,11475,6814,9031,11070,9862,12365,16862,9516,10066,9804,10020,12631,12362,19229,12520,20166,9947,12047,10086,9935,13090,16967,11142,22863,11481,14192,12044,8634,14363,10121,10104,10017,7716,7541,9842,9591,9878,10528,7495,8459
palmitoleic acid,4397,2102,306,816,1562,660,1503,3670,3682,2128,696,547,1354,2378,1140,1852,2930,974,3408,2697,2058,2246,1656,4569,404,1708,525,1226,628,1334,427,3975,173,934,768,1146,2358,660,2446,162,1039,259,472,1406,1023,2991,3074,1072,504,1790,1348,3274,6006,219,645,348,256,2872,992,2224,1375,3318,1085,1378,1339,886,764,1572,764,4797,334,744,416,240,1467,194,536,1128,1293,266,296,436,486,310,359,538
parabanic acid NIST,538,330,464,264,209,449,443,249,1101,128,201,267,142,389,304,113,139,187,229,257,454,168,333,158,257,284,340,349,409,397,500,650,370,147,261,374,346,332,152,549,487,267,596,337,667,203,186,237,351,321,322,402,348,369,259,148,216,178,328,143,258,344,204,221,362,492,129,367,342,405,199,268,232,301,137,149,127,196,337,426,162,394,385,203,397,392
paracetamol,55,209,58,98,107,49,35,38,1178,372,404,54,56,43,361,53,1158,44,36,43,70,38,32,52,40,42,38,2769,47,51,46,55,60,31,35,221,25,284,42,26,38,277,47,210,176,61,65,157,62,63,143,51,2185,207,53,273,62,273,367,69,59,46,36,51,58,39,82,99,117,34,235,49,846,40,58,38,48,52,244,44,53,161,38,56,57,36
pelargonic acid,1931,1967,1779,2658,1853,2709,2077,1977,1648,1310,1677,2758,2647,2459,1369,1732,1558,2027,1977,2084,2241,1625,2388,2250,2250,2997,2496,2618,2929,1272,2014,2101,1807,2630,2281,2389,2356,2423,1969,2726,2309,1506,1563,1998,2238,2367,1985,2078,2051,2259,2181,2671,1959,1976,2370,2657,2802,2718,2507,1772,1920,1666,1949,1959,1794,1949,2022,2548,2082,2876,2054,2388,1363,1583,2182,2143,1832,1994,2392,2328,2556,2143,2793,3255,1539,1972
phenylacetic acid,54,48,138,29,34,91,52,35,55,57,35,58,54,45,63,83,46,98,47,72,56,41,58,44,68,42,80,152,58,41,90,68,88,85,95,65,75,71,58,47,44,62,55,116,41,38,77,129,66,114,220,45,58,90,58,89,81,39,134,65,29,77,77,65,48,175,66,57,55,62,92,67,64,51,73,76,109,62,73,86,52,70,74,73,57,98
phenylalanine,6807,7137,4461,7302,5819,8817,6754,6030,7738,7700,7696,5443,7061,5845,5719,4845,8042,6758,5413,6060,8302,6705,4748,5564,10899,8794,10554,8021,8380,5594,4708,5543,6698,7230,7579,7464,3777,6797,4663,7578,11088,7925,9547,6790,6021,8648,7232,2774,3579,5492,3698,6751,4764,7396,5998,8001,9507,7840,6165,5978,6148,10537,7008,7984,5919,6628,10677,6836,10496,8612,7222,8876,6801,5800,9823,6027,7192,6787,7152,5445,5381,6063,8551,5608,7122,7401
phenylethylamine,121,232,182,232,246,247,117,271,45,304,180,231,228,240,499,216,227,413,178,117,204,229,204,71,223,139,381,171,206,229,245,252,566,590,225,152,296,189,179,249,188,154,245,212,184,76,255,284,169,121,232,86,185,1231,271,1067,328,242,635,105,112,302,166,281,125,175,144,97,114,285,312,354,297,244,239,530,248,864,141,209,224,128,265,543,231,249
pimelic acid,70,62,60,78,45,101,41,364,485,33,38,56,47,46,345,28,48,60,42,47,73,70,65,64,62,61,44,53,54,238,131,10,48,50,45,72,45,57,77,78,86,196,220,56,70,120,59,49,73,42,42,58,59,41,56,51,67,57,69,42,34,39,81,69,50,58,73,72,50,77,50,80,72,53,59,40,69,40,62,74,45,34,67,51,135,257
pipecolic acid,51,56,53,67,37,115,39,37,35,221,138,409,136,62,697,100,180,135,175,140,186,255,104,44,40,83,38,46,45,50,224,211,164,74,115,53,54,57,43,76,51,84,78,279,138,284,110,75,78,59,35,71,2663,140,1033,97,60,791,122,191,88,289,126,102,143,380,52,39,33,59,72,38,103,425,165,147,521,97,170,455,517,47,63,42,210,96
proline,20205,17528,25960,11997,23763,20801,17095,32399,11433,49196,43262,30021,27504,9464,27281,38805,58092,54208,24165,29364,51366,31559,72816,17307,26336,16858,13570,29096,9823,15296,54211,25866,54584,17928,27106,8981,10416,19335,18297,13087,19700,25460,25158,42880,19085,27399,55405,19449,16746,11511,8151,7983,49930,56079,52338,31041,38961,16294,11981,34062,37271,44131,28476,34628,47379,38442,26428,11774,23645,16798,22735,17573,41488,32768,25699,86286,34576,30143,58846,24893,33398,19181,23504,25661,50659,14619
pseudo uridine,853,629,808,951,915,744,900,406,1200,701,660,772,772,712,860,1046,733,1042,459,577,651,625,560,912,443,1200,1136,793,845,470,3674,1356,947,1228,1142,721,504,991,931,596,839,727,578,916,742,875,1190,850,389,799,975,796,1284,1113,636,1045,712,1067,1231,610,1409,1039,903,852,1397,850,803,560,851,922,530,1200,1044,833,871,1195,681,921,1107,917,783,729,756,1091,530,626
pyrophosphate,2273,5911,2182,1373,2369,3708,3059,4581,2980,1223,805,672,412,1473,7638,3315,1375,695,2539,945,1721,4170,4665,1757,5568,5072,2327,598,6664,2510,1750,711,577,4203,4989,3011,925,5177,5510,7018,8174,2304,396,2341,648,504,763,585,956,1583,509,450,1421,853,684,480,531,817,1129,1652,780,562,803,1630,901,891,521,2015,801,2109,683,1736,1233,363,595,504,1048,644,882,575,25037,418,1141,560,983,864
pyruvic acid,3406,3031,1550,1367,1535,1757,3468,3701,7891,1003,907,692,749,2382,4413,1781,1400,613,2724,2111,2943,3050,2099,2429,3532,2351,3507,1610,3391,5527,305,3977,515,1842,2441,751,1022,1740,2596,1914,5731,3102,4007,1125,512,873,552,852,54,522,1386,861,819,418,671,337,540,812,351,995,964,1039,546,240,719,990,733,1020,865,1738,1251,1925,1999,626,388,1202,708,643,786,508,1068,593,1329,985,3050,2275
quinic acid,269,98,261,309,117,175,99,127,247,265,97,925,220,127,537,33,315,510,191,413,470,131,220,171,476,552,177,882,331,180,111,215,434,75,424,160,96,1026,548,131,496,85,355,386,177,1195,451,1079,279,5677,1226,945,311,2403,130,2396,451,821,324,771,461,437,512,223,445,851,67,111,95,113,305,320,378,311,248,299,272,167,119,181,270,55,408,444,379,373
rhamnose,599,547,785,1121,565,555,438,750,736,695,314,542,701,975,1142,1158,523,803,461,1521,223,475,369,568,339,535,1062,789,625,563,1652,752,615,1036,919,674,358,726,1067,629,1010,460,762,616,325,464,724,537,331,513,395,409,541,937,444,878,710,1260,1411,752,729,558,918,494,715,886,334,789,533,513,367,537,737,669,689,961,558,883,939,495,733,638,1374,1160,1115,515
ribose,38,54,42,52,51,33,55,51,44,66,62,26,6,49,50,15,53,57,30,20,54,20,43,60,32,67,67,55,40,38,45,13,69,23,55,51,38,51,39,33,34,30,34,34,38,66,68,76,53,5,67,80,57,12,55,67,53,4,51,47,88,59,16,87,48,38,64,52,30,89,41,54,14,74,38,21,10,78,36,67,90,69,79,67,35,55
saccharic acid,41,61,99,82,43,51,71,63,366,54,69,55,62,44,41,83,105,45,69,67,141,66,98,102,33,91,71,126,57,126,366,83,74,57,82,89,37,108,63,62,42,73,57,111,57,83,87,115,69,401,134,56,131,51,28,71,77,92,123,56,179,69,81,53,109,61,89,67,47,101,103,53,41,70,58,85,86,54,122,70,47,69,50,85,53,54
salicylic acid,52,53,85,127,80,1645,111,71,421,52,111,462,72,64,79,106,680,58,81,80,82,95,59,104,127,72,123,1348,85,3876,72,126,71,1871,96,292,64,300,179,158,80,63,112,3956,874,191,91,98527,91,69,123681,154,123,660,85,670,79,301,56,103,329,4791,810,63,314,15038,160,105,133,164,69,15586,146,444,344,115,384,84,564,447,375,163,1414,96,1269,426
serine,9317,5043,4742,2871,2979,3657,3006,3402,3904,4602,4526,3859,6812,4528,5399,10281,6999,8762,11893,7275,8254,10634,4727,2842,5914,3158,2945,2335,3218,2986,5898,9007,7874,2918,2338,2323,3769,3928,4753,2993,5246,4853,4595,6966,7355,5776,6399,5143,4201,2722,3090,2488,6019,3958,6675,2264,5084,4801,2874,13910,4376,8762,6529,7292,4971,5333,2269,5444,2771,5711,6422,3096,6790,5207,4988,4894,6654,5899,7685,5463,5676,2101,3365,1671,7236,3075
shikimic acid,79,72,87,177,77,101,45,250,145,183,131,141,84,62,129,152,104,113,89,115,82,67,70,103,56,79,81,110,59,186,122,1517,86,237,61,171,82,170,48,69,94,129,130,108,174,117,102,81,66,289,150,89,88,466,76,391,160,209,113,493,123,509,105,86,98,84,86,104,51,82,60,64,86,94,127,165,161,104,101,65,84,368,126,352,312,284
stearic acid,59033,59399,45311,53036,69268,76585,61798,95793,86903,73279,61971,43338,57426,56755,78145,77499,70029,71423,73898,71066,71394,58046,45625,91972,44324,62063,59907,100064,60559,59456,59548,56557,50991,66496,50651,47701,61202,53874,64875,86263,67046,45236,41482,116338,57689,67146,57153,36085,49746,49412,52929,55302,66876,49540,62946,50974,55364,60537,77235,105643,62680,82569,57045,56376,47612,51935,69227,72401,48326,120896,86155,96511,73796,48618,76852,63485,63221,50161,44205,41876,63900,55089,46400,54121,51400,59466
succinic acid,390,293,565,226,309,314,220,189,327,237,192,232,280,128,447,150,123,128,296,262,142,314,189,236,150,366,460,284,306,111,202,190,323,161,150,244,178,234,187,268,304,181,221,197,188,398,198,363,139,106,490,304,197,171,136,320,324,119,358,139,143,274,349,154,151,310,259,271,215,346,254,259,323,68,310,72,169,245,155,279,183,194,256,187,288,218
sucrose,68,27,138,49,40,144,30,44,182,57,37,81,206,30,28,57,67,129,54,33,8,63,38,131,43,66,237,132,185,101,133,55,108,54,20,30,49,79,80,57,64,264,110,123,399,63,102,920,43,3245,1029,49,21,67,19,142,31,68,181,98,43,39,24,23,46,60,93,109,94,498,85,114,190,98,37,174,69,57,39,118,130,200,95,112,38,82
tagatose,575,436,561,789,694,377,410,307,930,1206,488,629,1309,270,215,814,248,536,376,515,367,508,639,465,791,532,451,625,292,363,914,65,820,720,725,837,678,819,215,356,118,121,437,307,476,850,469,612,451,700,645,471,615,682,640,789,584,630,1372,939,701,1013,464,759,739,719,871,970,846,501,386,640,519,823,859,475,1990,798,611,931,591,1797,911,516,251,149
taurine,1743,2193,1117,931,1635,1448,1362,1905,1314,791,859,507,695,729,3670,3130,1198,891,1601,877,1894,3156,2800,1932,2488,3027,1182,378,2031,1074,1324,468,682,1654,2532,1334,779,2353,2634,1680,2294,933,305,1356,495,736,646,468,585,625,379,450,1170,432,847,572,611,402,845,1638,460,726,659,1490,413,860,495,1364,433,1819,646,1388,1313,548,655,556,643,843,992,457,11875,335,783,535,777,561
threitol,232,315,218,167,257,247,129,54,219,175,124,132,87,121,148,126,176,233,139,155,182,202,121,256,149,456,187,149,89,148,748,306,203,221,192,103,79,142,188,143,145,139,107,175,432,212,218,54,74,129,185,166,146,347,169,347,132,125,173,190,238,288,401,190,225,212,102,117,134,177,252,219,159,180,117,244,87,198,216,179,213,115,360,144,320,94
threonic acid,1032,3521,411,2066,1602,1819,586,862,1387,507,1421,745,717,135,595,1386,1076,2700,1646,1114,1679,2144,649,1338,1917,877,997,1250,1663,431,610,356,1819,1408,203,987,1618,806,1647,1018,451,712,566,1366,2404,2972,207,2671,1331,2317,2846,2485,572,720,619,690,368,2397,1127,1882,4499,3300,2160,905,4221,2480,2897,2043,2958,4935,1910,1754,1331,283,941,1086,1718,5586,419,333,1222,2222,3255,983,1227,1094
threonine,14222,11057,10460,7000,11470,13793,7737,12737,11737,9353,10544,8081,5775,10837,8701,10037,11628,11416,12845,11817,15298,15261,10697,10011,13806,11286,8263,6349,6745,7130,17728,13716,11717,5089,6941,8082,5734,14049,8094,7190,10685,10060,16443,11303,12653,25394,17190,8032,5847,8426,7994,18291,5759,7886,9457,6956,15006,11258,5301,10795,10716,15459,8347,13404,10491,14418,10174,9244,10792,10159,13111,7609,11900,6646,11942,6746,9532,7785,9834,6733,6584,5271,9740,4831,12509,9384
threose,66,65,74,48,97,95,46,92,80,114,74,77,97,84,66,98,50,93,151,108,113,84,88,68,75,70,75,87,68,69,52,54,72,62,74,102,36,103,74,87,79,74,56,85,71,75,135,76,92,82,72,75,82,75,64,82,95,81,86,130,76,92,83,107,120,64,96,92,104,175,83,79,77,126,99,71,85,87,75,75,79,122,94,82,76,76
tocopherol alpha,2206,2512,1303,1641,2287,2402,1721,1976,2381,1384,1203,1425,906,1183,2200,1648,1420,2142,1611,2246,1581,3025,1636,1994,2067,1641,1832,3634,4399,1635,452,1322,1211,3541,1243,1893,1165,1089,3226,1776,1641,1938,1482,1977,1530,2894,1348,1588,1809,2186,2057,2599,1628,989,1471,941,1247,1153,2100,1725,3654,1680,2191,2338,3680,1909,5148,1857,4247,4242,1530,2004,1673,1267,1169,1740,1526,2290,1057,1130,1691,2541,1799,1833,1868,1762
trans-4-hydroxyproline,561,446,983,530,3403,560,445,411,470,653,906,368,342,511,317,438,601,582,334,313,391,528,290,984,303,904,527,548,312,352,497,402,421,526,989,478,444,606,306,440,614,555,508,451,471,498,364,336,376,358,229,499,514,515,366,774,1905,579,583,320,406,457,533,315,379,397,896,458,688,656,337,628,463,433,616,452,344,370,636,441,336,2373,727,563,481,457
tryptophan,13479,8017,4060,20272,15321,25451,9904,14712,7415,24862,15304,14510,16679,10664,9262,12872,15099,15690,9281,9376,19533,16601,6560,10523,16561,14142,14158,15678,14999,10681,7139,11887,14733,12306,13057,18029,6835,20660,11172,13589,12482,16114,22818,14315,15091,24561,17907,6370,11195,12909,7048,19379,9408,13949,16428,13731,19972,17332,1741,18475,11747,32421,15657,15297,11019,14209,13111,17399,13104,24695,19099,16470,19344,8717,18915,10938,20734,12876,12492,8437,6682,7878,21315,10066,21292,20971
tyrosine,12588,12659,9860,18908,13649,25655,10978,18541,16820,25880,20054,10189,21282,12817,10332,15177,14467,20949,12543,13447,20690,15568,12348,12202,21963,15962,20394,31221,17061,12278,11734,20277,11129,12890,18015,17108,8060,16544,13540,15590,12419,21030,26869,14640,12463,11574,15760,13034,12782,11237,8933,9450,8308,16231,14150,18201,18897,20073,17193,13284,19529,35495,14961,23421,19008,15506,16762,13985,21277,19104,27432,19040,16151,15728,19304,11529,21422,15165,15534,12215,10013,15026,19983,9987,19265,17462
urea,130935,178433,187775,234615,146268,148658,197210,233174,190463,146019,129576,113195,142644,194863,244709,70699,176772,217272,127240,134097,175722,183347,115859,207761,204440,217887,174191,198598,201866,243778,218815,177319,151633,228959,196559,194336,198716,126885,161493,203927,87794,199683,235540,60164,199195,177715,115765,48883,160421,214244,123432,212951,160712,208990,181904,214839,159588,190445,171550,119504,192623,186953,188004,121919,202707,162727,216979,217526,200919,162293,181950,177046,157584,172283,156045,187457,132351,205892,198654,195212,174166,134159,131253,215570,185645,235347
uric acid,9151,8259,8217,16673,14288,9139,14204,9646,8133,9200,8797,13309,8957,14185,11241,12924,13752,8182,13027,9340,8378,8935,8788,21538,7064,13426,14653,27115,10402,5147,9647,12131,21098,9566,11024,16610,7002,16200,16692,11146,14779,7653,11094,14040,7800,17816,13018,2352,4715,12417,4479,16246,14037,13452,8548,18865,12765,14431,15742,3630,24741,11115,12738,18104,23716,13335,16688,8668,17847,11619,9713,25442,16812,20648,20267,7447,11112,11697,18929,20958,18109,10396,10919,12862,5642,9670
uridine,78,74,111,123,118,138,93,108,69,111,96,135,145,51,142,130,72,87,45,98,93,156,105,175,89,108,99,90,115,79,68,125,105,120,138,73,152,167,110,94,90,99,126,87,54,194,56,108,93,120,138,168,84,104,137,111,127,161,21,113,52,154,111,78,97,96,137,133,132,176,99,122,124,91,79,126,41,126,167,123,69,87,109,121,119,67
valine,43226,39505,22127,18299,43957,33877,28908,30932,39726,50435,60674,41279,36774,30642,40343,29398,61317,49505,43781,42478,90632,61607,33694,35495,50843,32461,32537,33450,36798,25536,61591,44720,41472,23383,48115,32549,15835,43173,21317,29838,35755,44905,36988,47687,52532,49420,60972,16449,36924,30575,10659,27762,33163,43067,56960,27495,31989,34504,16739,47990,50580,86451,31476,50291,53560,37396,39554,30789,43934,31809,35630,30214,40090,42102,61357,49139,51107,37720,60525,42840,41165,29327,33650,24649,51620,32530
xanthine,41,37,48,79,53,54,89,45,41,35,43,64,34,71,51,51,55,44,68,57,43,36,63,60,33,61,92,32,55,50,54,51,38,77,62,78,54,60,90,49,67,40,38,59,48,59,34,37,48,38,28,60,58,52,41,50,51,52,51,61,51,50,39,68,46,30,24,47,46,69,39,45,37,59,49,54,40,28,37,50,45,42,34,65,26,52
xylitol,84,80,144,310,94,92,102,138,444,115,172,156,175,91,125,75,110,91,54,73,123,181,216,85,102,110,151,231,68,231,126,110,93,86,122,96,52,133,108,161,190,176,125,138,94,144,105,306,124,193,319,116,516,84,77,106,125,124,424,106,80,110,64,107,77,127,69,99,114,108,74,116,81,903,131,115,87,149,288,997,989,65,54,104,122,99
xylose,277,1312,836,459,379,451,228,283,440,544,577,397,326,462,473,423,430,1005,392,605,504,275,435,464,295,467,479,749,263,338,2399,556,445,923,439,491,420,456,303,395,415,318,498,653,311,447,343,328,363,462,279,450,365,973,344,909,459,356,673,365,466,1141,479,497,497,421,542,431,571,578,803,517,474,444,471,529,295,445,479,488,501,637,2659,448,3139,207
